Title,Year,Categorey,Rating,Baked Scale
Goodfellas,1990,Miscellaneous,100,Sober
Casablanca,1942,Miscellaneous,100,Sober
The Godfather,1972,Miscellaneous,100,Dealer's Choice
The Lion King,1994,Animation & Kids,100,Sober
It's a Wonderful Life,1946,Christmas,100,Dealer's Choice
The Lord of the Rings: The Return of the King,2003,LOTR,100,Sober
12 Angry Men,1957,Miscellaneous,100,Sober
Star Wars: Episode V - The Empire Strikes Back,1980,Star Wars,100,Dealer's Choice
Forrest Gump,1994,Miscellaneous,99,Sober
The Godfather: II,1974,Miscellaneous,99,Sober
Beauty and The Beast,1991,Animation & Kids,99,Sober
Saving Private Ryan,1998,Miscellaneous,99,Sober
Django Unchained,2012,Miscellaneous,99,Sober
Jaws,1975,Miscellaneous,98,Dealer's Choice
Shawshank Redemption,1994,Miscellaneous,98,Sober
The Lord of the Rings: The Two Towers,2002,LOTR,98,Dealer's Choice
Toy Story,1995,Animation & Kids,98,Dealer's Choice
Gladiator,2000,Miscellaneous,98,Dealer's Choice
La La Land,2016,Miscellaneous,98,Sober
Unforgiven,1992,Miscellaneous,98,Sober
Oppenheimer,2023,Miscellaneous,98,Dealer's Choice
The Dark Knight,2008,DC,97,Dealer's Choice
The Lord of the Rings: The Fellowship of the Ring,2001,LOTR,97,Dealer's Choice
The Truman Show,1998,Miscellaneous,97,Dealer's Choice
Psycho,1960,Miscellaneous,97,Dealer's Choice
Avengers: Infinity War,2018,Marvel,97,Dealer's Choice
The Departed,2006,Miscellaneous,97,Sober
Pulp Fiction,1994,Miscellaneous,97,Sober
The Green Mile,1999,Miscellaneous,97,Sober
Star Wars: Episode IV - A New Hope,1977,Star Wars,97,Dealer's Choice
Indiana Jones and the Raiders of the Lost Ark,1981,Miscellaneous,97,Sober
Back to the Future,1985,Miscellaneous,96,Dealer's Choice
Avengers: Endgame,2019,Marvel,96,Dealer's Choice
Aladdin,1992,Animation & Kids,96,Dealer's Choice
Whiplash,2014,Miscellaneous,96,Sober
Inherit the Wind,1960,Miscellaneous,96,Sober
Rocky,1976,Rocky,96,Dealer's Choice
Finding Nemo,2003,Animation & Kids,96,Dealer's Choice
Spotlight,2015,Miscellaneous,96,Sober
Step Brothers,2008,Miscellaneous,96,Dealer's Choice
"Everything, Everywhere, All at Once",2022,Miscellaneous,95,Dealer's Choice
Titanic,1997,Miscellaneous,95,Sober
There Will Be Blood,2007,Miscellaneous,95,Sober
The Shape of Water,2017,Miscellaneous,95,Sober
Dr. Strangelove or: How I Learned to Stop Worrying and Love the Bomb,1964,Miscellaneous,95,Sober
Dune: Part Two,2024,Miscellaneous,95,Baked
Spider-Man: Across the Spider-Verse,2023,Marvel,95,Dealer's Choice
The Bride of Frankenstein,1935,Universal Monsters,95,Sober
The Silence of The Lambs,1991,Miscellaneous,95,Sober
"The Good, the Bad, and the Ugly",1966,Miscellaneous,95,Sober
The Great Dictator,1940,Miscellaneous,95,Sober
12 Years a Slave,2013,Miscellaneous,95,Sober
Platoon,1986,Miscellaneous,94,Dealer's Choice
The Father,2020,Miscellaneous,94,Sober
The Wizard of Oz,1939,Miscellaneous,94,Dealer's Choice
Toy Story 3,2010,Animation & Kids,94,Dealer's Choice
Knives Out,2019,Miscellaneous,94,Sober
Spider-Man: Into the Spider-Verse,2018,Marvel,94,Baked
The Wild Robot,2024,Animation & Kids,94,Dealer's Choice
A Few Good Men,1992,Miscellaneous,94,Sober
Rio Bravo,1959,Miscellaneous,94,Sober
Willy Wonka & the Chocolate Factory,1971,Miscellaneous,93,Dealer's Choice
The Wolf of Wall Street,2013,Miscellaneous,93,Dealer's Choice
The Elephant Man,1980,Miscellaneous,93,Dealer's Choice
Major League,1989,Miscellaneous,93,Sober
Shrek,2001,Animation & Kids,93,Dealer's Choice
Seven,1995,Miscellaneous,93,Dealer's Choice
Jurassic Park,1993,Jurassic Park,93,Sober
Top Gun: Maverick,2022,Miscellaneous,93,Dealer's Choice
Spider-Man: No Way Home,2021,Marvel,93,Sober
High Noon,1952,Miscellaneous,93,Sober
Crazy Rich Asians,2018,Miscellaneous,93,Sober
Elf,2003,Christmas,93,Sober
Who Framed Roger Rabbit,1988,Animation & Kids,93,Dealer's Choice
JoJo Rabbit,2019,Miscellaneous,93,Dealer's Choice
A Fistful of Dollars,1964,Miscellaneous,93,Sober
Caddyshack,1980,Miscellaneous,93,Baked
Frozen,2013,Animation & Kids,92,Dealer's Choice
L.A Confidential,1997,Miscellaneous,92,Sober
Frankenstein,1931,Universal Monsters,92,Sober
Uncut Gems,2019,Miscellaneous,92,Dealer's Choice
Walk the Line,2005,Miscellaneous,92,Dealer's Choice
American History X,1998,Miscellaneous,92,Sober
The Avengers,2012,Marvel,92,Sober
Halloween,1978,Miscellaneous,92,Dealer's Choice
The Imitation Game,2014,Miscellaneous,92,Sober
Ray,2024,Miscellaneous,92,Sober
The Shining,1980,Miscellaneous,92,Sober
Airplane!,1980,Miscellaneous,92,Dealer's Choice
Deadpool,2016,Marvel,92,Cheech & Chong
Reservoir Dogs,1992,Miscellaneous,92,Dealer's Choice
The Incredibles,2004,Animation & Kids,92,Dealer's Choice
Gravity,2013,Miscellaneous,92,Sober
CODA,2021,Miscellaneous,92,Sober
The Terminator,1984,Miscellaneous,92,Dealer's Choice
Inside Out,2015,Animation & Kids,91,Sober
Interstellar,2014,Miscellaneous,91,Sober
The Little Mermaid,1989,Animation & Kids,91,Sober
Anchorman: The Legend of Ron Burgandy,2004,Miscellaneous,91,Cheech & Chong
Mad Max: Fury Road,2015,Miscellaneous,91,Dealer's Choice
Misery,1990,Miscellaneous,91,Sober
The Deer Hunter,1978,Miscellaneous,91,Sober
Carrie,1976,Miscellaneous,91,Baked
Paths of Glory,1957,Miscellaneous,91,Dealer's Choice
Casino Royale,2006,Miscellaneous,91,Sober
The Untouchables,1987,Miscellaneous,91,Sober
Blazing Saddles,1974,Miscellaneous,91,Sober
E.T. The Extra-Terrestrial,1982,Miscellaneous,91,Sober
Christmas Vacation,1989,Christmas,91,Cheech & Chong
Mission: Impossible - Fallout,2018,Mission Impossible,91,Sober
Dunkirk,2017,Miscellaneous,90,Dealer's Choice
Glengarry Glen Ross,1992,Miscellaneous,90,Sober
Snow White and the Seven Dwarfs,1937,Animation & Kids,90,Dealer's Choice
The Martian,2015,Miscellaneous,90,Sober
The Power of the Dog,2021,Miscellaneous,90,Sober
Duck Soup,1933,Miscellaneous,90,Sober
Close Enocounters of the Third Kind,1977,Miscellaneous,90,Dealer's Choice
Home Alone,1990,Christmas,90,Dealer's Choice
Moneyball,2011,Miscellaneous,90,Sober
Ghostbusters,1984,Miscellaneous,90,Cheech & Chong
2001: A Space Odyssey,1968,Miscellaneous,90,Baked
Fight Club,1999,Miscellaneous,90,Sober
The Menu,2022,Miscellaneous,90,Dealer's Choice
My Cousin Vinny,1992,Miscellaneous,90,Dealer's Choice
When Harry Met Sally,1989,Miscellaneous,89,Sober
Godzilla Minus One,2023,Miscellaneous,89,Cheech & Chong
Rain Man,1988,Miscellaneous,89,Sober
The Hustler,1961,Miscellaneous,89,Sober
Gran Torino,2008,Miscellaneous,89,Sober
The Dark Knight Rises,2012,DC,89,Dealer's Choice
The SpongeBob SquarePants Movie,2004,Animation & Kids,89,Baked
National Lampoon's Animal House,1978,Miscellaneous,89,Cheech & Chong
Scarface,2022,Miscellaneous,89,Sober
A Nightmare on Elm Street,1984,Miscellaneous,89,Dealer's Choice
West Side Story,1961,Miscellaneous,89,Sober
Stand By Me,1986,Miscellaneous,88,Sober
The Whale,2022,Miscellaneous,88,Sober
Inglorious Bastards,2009,Miscellaneous,88,Baked
Skyfall,2012,Miscellaneous,88,Sober
Gone Girl,2014,Miscellaneous,88,Sober
Toy Story 2,1999,Animation & Kids,88,Dealer's Choice
Flow,2024,Animation & Kids,88,Cheech & Chong
Miracle,2004,Miscellaneous,88,Dealer's Choice
Mission: Impossible - Dead Reckoning Part One,2023,Mission Impossible,88,Sober
A Beautiful Day in the Neighborhood,2019,Miscellaneous,88,Sober
A League of Their Own,1992,Miscellaneous,88,Dealer's Choice
Spider-Man 2,2004,Marvel,88,Dealer's Choice
Guardians of the Galaxy,2014,Marvel,88,Sober
Cars,2006,Animation & Kids,88,Baked
Vacation,1983,Miscellaneous,88,Sober
The Invisible Man,1933,Universal Monsters,88,Dealer's Choice
The Hangover,2009,Miscellaneous,88,Cheech & Chong
Hacksaw Ridge,2016,Miscellaneous,88,Sober
Jerry Maguire,1996,Miscellaneous,87,Dealer's Choice
Avatar: The Way of Water,2022,Miscellaneous,87,Sober
The Holdovers,2023,Miscellaneous,87,Baked
Poor Things,2023,Miscellaneous,87,Sober
Wicked,2024,Miscellaneous,87,Dealer's Choice
Anora,2024,Miscellaneous,87,Sober
Harry Potter and the Prisoner of Azkaban,2004,Harry Potter,87,Sober
The Nice Guys,2016,Miscellaneous,87,Dealer's Choice
Kill Bill: Vol. 1,2003,Miscellaneous,87,Dealer's Choice
The Blues Brothers,1980,Miscellaneous,87,Cheech & Chong
Apollo 13,1995,Miscellaneous,87,Sober
JFK,1991,Miscellaneous,87,Dealer's Choice
Killers of the Flower Moon,2023,Miscellaneous,87,Sober
Captain America: Civil War,2016,Marvel,87,Sober
This is the End,2013,Miscellaneous,87,Dealer's Choice
Black Panther,2018,Marvel,87,Baked
Indiana Jones and the Last Crusade,1989,Miscellaneous,87,Sober
Dune: Part One,2021,Miscellaneous,87,Sober
Miracle on 34th Street,1947,Christmas,87,Dealer's Choice
1776,1972,Miscellaneous,87,Sober
Prisoners,2013,Miscellaneous,87,Dealer's Choice
Kill Bill: Vol. 2,2004,Miscellaneous,87,Dealer's Choice
Tangled,2010,Animation & Kids,87,Sober
Ferris Bueller's Day Off,1986,Miscellaneous,87,Dealer's Choice
Cruellla,2021,Miscellaneous,87,Sober
The Gentlemen,2019,Miscellaneous,87,Sober
The Tragedy of Macbeth,2021,Miscellaneous,86,Sober
Training Day,2002,Miscellaneous,86,Dealer's Choice
Wayne's World,1992,Miscellaneous,86,Dealer's Choice
Abbott and Costello Meet Frankenstein,1948,Miscellaneous,86,Baked
Harry Potter and the Deathly Hallows: Part 2,2011,Harry Potter,86,Sober
The Natural,1984,Miscellaneous,86,Sober
Police Story,1985,Miscellaneous,86,Cheech & Chong
The Death of Stalin,2017,Miscellaneous,86,Sober
Heat,1995,Miscellaneous,86,Sober
A Quiet Place,2018,Miscellaneous,86,Dealer's Choice
Lethal Weapon 2,1989,Miscellaneous,86,Dealer's Choice
The Matrix,1999,Miscellaneous,86,Dealer's Choice
Awakenings,1990,Miscellaneous,86,Dealer's Choice
Everybody Wants Some!!,2016,Miscellaneous,86,Sober
The Goonies,1985,Miscellaneous,86,Baked
Captain America: Winter Soldier,2014,Marvel,86,Dealer's Choice
Ratatouille,2007,Animation & Kids,86,Baked
Groundhog Day,1993,Miscellaneous,86,Dealer's Choice
Remember the Titans,2000,Miscellaneous,86,Dealer's Choice
Mrs. Doubtfire,1993,Miscellaneous,86,Dealer's Choice
The Wrestler,2008,Miscellaneous,86,Sober
The Batman,2022,DC,86,Dealer's Choice
Dirty Harry,1971,Miscellaneous,85,Sober
Ex Machina,2014,Miscellaneous,85,Dealer's Choice
To Have and Have Not,1944,Miscellaneous,85,Baked
Superman,1978,DC,85,Sober
The Patriot,2000,Miscellaneous,85,Sober
Captain Phillips,2013,Miscellaneous,85,Sober
48 Hrs.,1982,Miscellaneous,85,Sober
Deadpool & Wolverine,2024,Marvel,85,Dealer's Choice
The Wolf Man,1941,Universal Monsters,85,Dealer's Choice
The Iron Giant,1999,Animation & Kids,85,Dealer's Choice
The Sandlot,1993,Miscellaneous,85,Dealer's Choice
Logan,2017,Marvel,85,Dealer's Choice
Ted,2012,Miscellaneous,85,Cheech & Chong
Old School,2003,Miscellaneous,85,Cheech & Chong
School of Rock,2003,Miscellaneous,85,Dealer's Choice
John Wick,2014,Miscellaneous,85,Baked
Master and Commander: The Far Side of the World,2003,Miscellaneous,85,Dealer's Choice
Iron Man,2008,Marvel,85,Dealer's Choice
Rogue One: A Star Wars Story,2016,Star Wars,85,Sober
The Color Purple,1985,Miscellaneous,84,Sober
In the Heat of the Night,1967,Miscellaneous,84,Sober
The Green Knight,2021,Miscellaneous,84,Sober
First Blood,1982,Miscellaneous,84,Dealer's Choice
The Hateful Eight,2015,Miscellaneous,84,Dealer's Choice
Ocean's Eleven,2001,Miscellaneous,84,Dealer's Choice
Eastern Promises,2007,Miscellaneous,84,Sober
Avengers: Age of Ultron,2015,Marvel,84,Sober
Harry Potter and the Philosopher's Stone,2001,Harry Potter,84,Sober
Toy Story 4,2019,Animation & Kids,84,Dealer's Choice
American Gangster,2007,Miscellaneous,84,Dealer's Choice
Batman Begins,2005,DC,84,Sober
Inside Out 2,2024,Animation & Kids,84,Sober
Moana,2016,Animation & Kids,84,Dealer's Choice
Pirates of the Caribbean: The Curse of the Black Pearl,2003,Miscellaneous,84,Dealer's Choice
Beauty and the Beast,2017,Miscellaneous,84,Sober
A Christmas Story,1983,Christmas,84,Sober
Lilo & Stitch,2002,Animation & Kids,84,Dealer's Choice
King Kong,2005,Miscellaneous,84,Sober
The Prestige,2006,Miscellaneous,84,Dealer's Choice
Mission: Impossible - Rogue Nation,2015,Mission Impossible,84,Dealer's Choice
Sing,2016,Animation & Kids,84,Baked
Trading Places,1983,Miscellaneous,84,Sober
The Bourne Identity,2002,Miscellaneous,84,Dealer's Choice
X2: X-Men United,2003,Marvel,84,Sober
The Muppet Christmas Carrol,1992,Animation & Kids,84,Baked
Spirited Away,2002,Animation & Kids,84,Baked
The Muppet Movie,1979,Animation & Kids,84,Baked
Die Hard,1988,Miscellaneous,84,Dealer's Choice
Austin Powers: International Man of Mystery,1997,Miscellaneous,84,Cheech & Chong
Air,2023,Miscellaneous,84,Sober
"Crazy, Stupid, Love",2011,Miscellaneous,84,Sober
Rebel Ridge,2024,Miscellaneous,84,Sober
Road to Perdition,2002,Miscellaneous,83,Dealer's Choice
Harry Potter and the Half-Blood Prince,2009,Harry Potter,83,Sober
Taxi Driver,1976,Miscellaneous,83,Sober
Io Man,2008,Miscellaneous,83,Sober
Steve Jobs,2015,Miscellaneous,83,Cheech & Chong
Dracula,1931,Universal Monsters,83,Sober
Midnight Run,1988,Miscellaneous,83,Sober
Poltergeist,1982,Miscellaneous,83,Baked
Wedding Crashers,2005,Miscellaneous,83,Dealer's Choice
Ghost,1990,Miscellaneous,83,Sober
The Godfather: III,1990,Miscellaneous,83,Sober
Tarzan,1999,Animation & Kids,83,Dealer's Choice
The Hunger Games: Catching Fire,2013,Miscellaneous,83,Dealer's Choice
Spider-Man,2002,Marvel,83,Dealer's Choice
Thor: Ragnarok,2017,Marvel,83,Dealer's Choice
Harry Potter and the Chamber of Secrets,2002,Harry Potter,83,Sober
Hercules,1997,Animation & Kids,83,Dealer's Choice
Slap Shot,1977,Miscellaneous,83,Dealer's Choice
X-Men: Days of Future Past,2014,Marvel,83,Sober
Transformers One,2024,Transformers,83,Baked
Pineapple Express,2008,Miscellaneous,83,Cheech & Chong
Rosemary's Baby,1968,Miscellaneous,83,Baked
Blade Runner,1982,Miscellaneous,83,Baked
Shutter Island,2010,Miscellaneous,83,Sober
Hustle,2022,Miscellaneous,83,Dealer's Choice
Hot Tub Time Machine,2010,Miscellaneous,83,Cheech & Chong
Speak No Evil,2024,Miscellaneous,83,Dealer's Choice
Frozen 2,2019,Animation & Kids,82,Dealer's Choice
Bambi,1942,Animation & Kids,82,Baked
Avatar,2009,Miscellaneous,82,Baked
The Fall Guy,2024,Miscellaneous,82,Baked
Gladiator II,2024,Miscellaneous,82,Dealer's Choice
Saving Mr. Banks,2013,Miscellaneous,82,Sober
Kick-Ass,2010,Miscellaneous,82,Dealer's Choice
A Quiet Place Part II,2020,Miscellaneous,82,Dealer's Choice
Julius Caeser,1953,Miscellaneous,82,Dealer's Choice
The Breakfast Club,1985,Miscellaneous,82,Sober
American Fiction,2023,Miscellaneous,82,Dealer's Choice
Incredibiles 2,2018,Animation & Kids,82,Dealer's Choice
Star Wars: Episode VI - Return of the Jedi,1983,Star Wars,82,Sober
Lean On Me,1989,Miscellaneous,82,Sober
Spider-Man: Far From Home,2019,Marvel,82,Dealer's Choice
Bad News Bears,1976,Miscellaneous,82,Dealer's Choice
The Little Mermaid,2023,Miscellaneous,82,Cheech & Chong
Wonder Woman,2017,DC,82,Dealer's Choice
How to Train Your Dragon 2,2014,Animation & Kids,82,Baked
Paddington 2,2017,Animation & Kids,82,Sober
Intouchables,2011,Miscellaneous,82,Sober
Men in Black,1997,Miscellaneous,82,Baked
Happy Gilmore,1996,Miscellaneous,82,Dealer's Choice
Inside Man,2006,Miscellaneous,82,Cheech & Chong
Hit Man,2023,Miscellaneous,82,Dealer's Choice
Doctor Strange,2016,Marvel,82,Dealer's Choice
Home Alone 2,1992,Christmas,82,Dealer's Choice
Lethal Weapon,1987,Miscellaneous,81,Dealer's Choice
Princess and the Frog,2009,Animation & Kids,81,Baked
Ted 2,2015,Miscellaneous,81,Dealer's Choice
Dolemite is My Name,2019,Miscellaneous,81,Baked
Saturday Night,2024,Miscellaneous,81,Dealer's Choice
Soul,2020,Animation & Kids,81,Sober
For a Few Dollars More,1965,Miscellaneous,81,Sober
Gangs of New York,2002,Miscellaneous,81,Sober
Tommy Boy,1995,Miscellaneous,81,Baked
Shrek 2,2004,Animation & Kids,81,Baked
Cinderella Man,2005,Miscellaneous,81,Sober
The Birdcage,1996,Miscellaneous,81,Sober
"The Gangster, the Cop, the Killer",2019,Miscellaneous,81,Sober
Stripes,1981,Miscellaneous,81,Dealer's Choice
Uncle Buck,1989,Miscellaneous,81,Sober
Creed,2015,Rocky,81,Sober
The Simpsons Movie,2007,Animation & Kids,81,Baked
V for Vendetta,2005,Miscellaneous,81,Sober
Minority Report,2002,Miscellaneous,81,Dealer's Choice
Free Willy,1993,Miscellaneous,81,Dealer's Choice
Tucker and Dale vs Evil,2010,Miscellaneous,81,Dealer's Choice
Shang-Chi and the Legend of the Ten Rings,2021,Marvel,81,Dealer's Choice
X-Men,2000,Marvel,81,Sober
Harry Potter and the Order of the Phoenix,2007,Harry Potter,81,Cheech & Chong
Kung Fu Panda,2008,Animation & Kids,80,Cheech & Chong
The Conjuring,2013,Miscellaneous,80,Sober
Monty Python and the Holy Grail,1975,Miscellaneous,80,Cheech & Chong
Tropic Thunder,2008,Miscellaneous,80,Cheech & Chong
The Original Kings of Comedy,2000,Miscellaneous,80,Cheech & Chong
The Jolson Story,1946,Miscellaneous,80,Sober
The Hunger Games,2012,Miscellaneous,80,Sober
John Wick: Chapter 4,2023,Miscellaneous,80,Dealer's Choice
Guardians of the Galaxy Vol. 3,2023,Marvel,80,Dealer's Choice
Sully,2016,Miscellaneous,80,Dealer's Choice
Police Story 2,1988,Miscellaneous,80,Sober
Rocky II,1979,Rocky,80,Cheech & Chong
Rush Hour,1998,Miscellaneous,80,Dealer's Choice
Ant-Man and the Wasp,2018,Marvel,80,Baked
The Suicide Squad,2021,DC,80,Baked
Sing 2,2021,Animation & Kids,79,Baked
The Super Mario Bros. Movie,2023,Animation & Kids,79,Cheech & Chong
Superman II,1980,DC,79,Dealer's Choice
Murder on the Orient Express,1974,Miscellaneous,79,Sober
The Banshees of Inisherin,2022,Miscellaneous,79,Dealer's Choice
Black Panther: Wakanda Forever,2022,Marvel,79,Sober
Beetlejuice,1988,Miscellaneous,79,Cheech & Chong
The Color of Money,1986,Miscellaneous,79,Sober
Spider-Man: Homecoming,2017,Marvel,79,Dealer's Choice
King Richard,2021,Miscellaneous,79,Sober
Space Jam,1996,Animation & Kids,79,Dealer's Choice
The Muppets,2011,Animation & Kids,79,Baked
Harry Potter and the Deathly Hallows: Part 1,2010,Harry Potter,79,Dealer's Choice
Guardians of the Galaxy Vol. 2,2017,Marvel,79,Dealer's Choice
John Wick: Chapter 2,2017,Miscellaneous,79,Baked
Top Gun,1986,Miscellaneous,78,Dealer's Choice
Elvis,2022,Miscellaneous,78,Sober
Dungeons & Dragons: Honor Among Thieves,2023,Miscellaneous,78,Baked
Civil War,2024,Miscellaneous,78,Sober
How to Train Your Dragon,2010,Animation & Kids,78,Baked
Air Force One,1997,Miscellaneous,78,Dealer's Choice
Backdraft,1991,Miscellaneous,78,Dealer's Choice
Deadpool 2,2018,Marvel,78,Dealer's Choice
The Hobbit: The Desolation of Smaug,2013,LOTR,78,Sober
Ice Age,2002,Animation & Kids,78,Baked
Rush Hour 2,2001,Miscellaneous,78,Cheech & Chong
Escape from New York,1981,Miscellaneous,78,Dealer's Choice
Indiana Jones and the Temple of Doom,1984,Miscellaneous,78,Dealer's Choice
Big Daddy,1999,Miscellaneous,78,Dealer's Choice
Black Widow,2021,Marvel,78,Baked
The Covenant,2023,Miscellaneous,78,Sober
Talladega Nights: The Ballad of Ricky Bobby,2006,Miscellaneous,78,Baked
The Northman,2022,Miscellaneous,78,Sober
Vice,2018,Miscellaneous,78,Sober
Back to the Future: Part III,1990,Miscellaneous,78,Baked
No Time to Die,2021,Miscellaneous,78,Dealer's Choice
Tombstone,1993,Miscellaneous,78,Sober
Dolemite Is My Name,2019,Miscellaneous,78,Sober
Key Largo,1948,Miscellaneous,78,Baked
The Killer,2023,Miscellaneous,78,Sober
Harry Potter and the Goblet of Fire,2005,Harry Potter,78,Dealer's Choice
Nobody,2021,Miscellaneous,78,Baked
The Perfect Storm,2000,Miscellaneous,78,Dealer's Choice
Charlie Chan in London,1934,Miscellaneous,78,Sober
Kingsman: The Secret Service,2014,Miscellaneous,78,Dealer's Choice
Troy,2004,Miscellaneous,78,Sober
The Rookie,2002,Miscellaneous,78,Sober
Liar Liar,1997,Miscellaneous,78,Dealer's Choice
Twisters,2024,Miscellaneous,78,Baked
Legends of the Fall,1994,Miscellaneous,77,Dealer's Choice
Saltburn,2023,Miscellaneous,77,Sober
Juror #2,2024,Miscellaneous,77,Sober
Batman,1989,DC,77,Sober
Brother Bear,2003,Animation & Kids,77,Dealer's Choice
Sherlock Holmes,2009,Miscellaneous,77,Sober
Glass Onion: A Knives Out Mystery,2022,Miscellaneous,77,Sober
Good Morning Vietnam,1987,Miscellaneous,77,Dealer's Choice
Pacific Rim,2013,Miscellaneous,77,Baked
The Big Lebowski,1998,Miscellaneous,77,Baked
John Q.,2002,Miscellaneous,77,Sober
Live Free or Die Hard,2007,Miscellaneous,77,Dealer's Choice
Yesterday,2019,Miscellaneous,77,Baked
Transformers,2007,Transformers,77,Sober
Robin Hood,1973,Animation & Kids,77,Sober
DC League of Super-Pets,2022,Animation & Kids,77,Dealer's Choice
Pretty Woman,1990,Miscellaneous,77,Dealer's Choice
Back to the Future: Part II,1989,Miscellaneous,77,Baked
The Ministry of Ungentlemanly Warfare,2024,Miscellaneous,77,Dealer's Choice
Conclave,2024,Miscellaneous,77,Sober
Teenage Mutant Ninja Turtles: Mutant Mayhem,2023,Animation & Kids,76,Dealer's Choice
Nomadland,2020,Miscellaneous,76,Baked
The Lego Batman Movie,2017,Animation & Kids,76,Baked
The Great Muppet Caper,1981,Animation & Kids,76,Cheech & Chong
Tenet,2020,Miscellaneous,76,Sober
John Wick: Chapter 3 - Parabellum,2019,Miscellaneous,76,Sober
Caddo Lake,2024,Miscellaneous,76,Baked
Mission: Impossible,1996,Mission Impossible,76,Sober
The Lincoln Lawyer,2011,Miscellaneous,76,Baked
Ant-Man,2015,Marvel,76,Sober
Paddington,2014,Animation & Kids,76,Sober
Batman Returns,1992,DC,76,Dealer's Choice
The Flash,2023,DC,76,Dealer's Choice
8 Mile,2002,Miscellaneous,76,Sober
Clue,1985,Miscellaneous,76,Baked
My Old Ass,2024,Miscellaneous,76,Sober
Spaceballs,1987,Miscellaneous,76,Cheech & Chong
Horrible Bosses,2011,Miscellaneous,76,Baked
Beast,2022,Miscellaneous,76,Dealer's Choice
True Romance,1993,Miscellaneous,76,Dealer's Choice
Watchmen,2009,Miscellaneous,76,Dealer's Choice
Enola Holmes 2,2022,Miscellaneous,76,Dealer's Choice
Hook,1991,Miscellaneous,76,Baked
Rocky IV,1985,Rocky,76,Sober
Madagascar,2005,Animation & Kids,75,Baked
World War Z,2013,Miscellaneous,75,Baked
Kung Fu Panda 2,2011,Animation & Kids,75,Cheech & Chong
Charlie Chan at Treasure Island,1939,Miscellaneous,75,Sober
Sleepy Hollow,1999,Miscellaneous,75,Baked
The Bodyguard,1992,Miscellaneous,75,Baked
Nope,2022,Miscellaneous,75,Dealer's Choice
We're the Millers,2013,Miscellaneous,75,Dealer's Choice
Barbie,2023,Miscellaneous,75,Baked
Magnum Force,1973,Miscellaneous,75,Sober
Godzilla: King of Monsters,2019,Miscellaneous,75,Sober
Creed III,2023,Rocky,75,Cheech & Chong
Judas and the Black Messiah,2021,Miscellaneous,75,Sober
Armageddon,1998,Miscellaneous,75,Dealer's Choice
Signs,2002,Miscellaneous,75,Dealer's Choice
The Santa Clause,1994,Christmas,75,Dealer's Choice
Thelma & Louise,1991,Miscellaneous,75,Dealer's Choice
Bruce Almighty,2003,Miscellaneous,75,Sober
Man of Steel,2013,DC,75,Dealer's Choice
The Thing,1982,Miscellaneous,75,Baked
The Mask of Zorro,1998,Miscellaneous,75,Dealer's Choice
Cool Runnings,1993,Miscellaneous,75,Baked
Moana 2,2024,Animation & Kids,74,Dealer's Choice
Die Hard with a Vengeneance,1995,Miscellaneous,74,Baked
Beverly Hills Cop,1984,Miscellaneous,74,Dealer's Choice
Free Guy,2021,Miscellaneous,74,Dealer's Choice
The Negotiator,1998,Miscellaneous,74,Baked
Insidious,2010,Miscellaneous,74,Baked
Captain America: The first Avenger,2011,Marvel,74,Dealer's Choice
Star Wars Episode III - Revenge of the Sith,2005,Star Wars,74,Baked
No Sudden Move,2021,Miscellaneous,74,Sober
Taken,2008,Miscellaneous,74,Dealer's Choice
The Equalizer,2014,Miscellaneous,74,Baked
Last Breath,2025,Miscellaneous,74,Sober
Police Academy,1984,Miscellaneous,74,Cheech & Chong
The Last Detail,1973,Miscellaneous,74,Dealer's Choice
Spectre,2015,Miscellaneous,74,Sober
Fletch,1985,Miscellaneous,74,Sober
The Mummy,1932,Universal Monsters,74,Dealer's Choice
Love & Basketball,2000,Miscellaneous,74,Sober
Beetlejuice Beetlejuice,2024,Miscellaneous,74,Dealer's Choice
Mission: Impossible - Ghost Protocol,2011,Mission Impossible,74,Cheech & Chong
The Longest Yard,2006,Miscellaneous,74,Baked
Enola Holmes,2020,Miscellaneous,74,Baked
42,2013,Miscellaneous,74,Sober
Black Adam,2022,DC,73,Dealer's Choice
West Side Story,2021,Miscellaneous,73,Dealer's Choice
Jailhouse Rock,1957,Miscellaneous,73,Sober
The Hobbit: An Unexpected Journey,2012,LOTR,73,Sober
The Unbearable Weight of Massive Talent,2022,Miscellaneous,73,Baked
Soylent Green,1973,Miscellaneous,73,Sober
Hellboy II: The Golden Army,2008,Miscellaneous,73,Baked
A Quiet Place: Day One,2024,Miscellaneous,73,Sober
Leo,2023,Animation & Kids,73,Cheech & Chong
Kung Fu Panda 3,2016,Animation & Kids,73,Cheech & Chong
History of the World: Part I,1981,Miscellaneous,73,Dealer's Choice
Coach Carter,2005,Miscellaneous,73,Sober
State of Play,2009,Miscellaneous,73,Sober
Cop Land,1997,Miscellaneous,73,Dealer's Choice
Wonka,2023,Miscellaneous,73,Dealer's Choice
Jack Reacher,2012,Miscellaneous,73,Sober
The Hunchback of Notre Dame,1996,Animation & Kids,73,Baked
Invisible Man,2020,Miscellaneous,73,Baked
Holes,2003,Miscellaneous,73,Sober
Frequency,2000,Miscellaneous,73,Sober
Spencer,2021,Miscellaneous,72,Dealer's Choice
The Da Vinci Code,2006,Miscellaneous,72,Sober
Woman of the Hour,2024,Miscellaneous,72,Dealer's Choice
Superman Returns,2006,DC,72,Dealer's Choice
Sleeping with Other People,2015,Miscellaneous,72,Dealer's Choice
Elemental,2023,Animation & Kids,72,Dealer's Choice
Southpaw,2015,Miscellaneous,72,Sober
Zack Snyder’s Justice League,2021,DC,72,Baked
Carry-On,2024,Miscellaneous,72,Sober
Star Wars: Episode VII - The Force Awakens,2015,Star Wars,72,Baked
An American Werewolf in London,1981,Miscellaneous,72,Baked
Dark Shadows,2012,Miscellaneous,72,Baked
Bad Boys,1995,Miscellaneous,72,Cheech & Chong
Muppet Treasure Island,1996,Animation & Kids,71,Sober
13 Hours,2016,Miscellaneous,71,Baked
The Princess Diaries,2001,Miscellaneous,71,Sober
Maestro,2023,Miscellaneous,71,Sober
Fantastic Beasts and Where to Find Them,2016,Harry Potter,71,Dealer's Choice
Smile 2,2024,Miscellaneous,71,Sober
Spirit: Stallion of Cimarron,2002,Animation & Kids,71,Sober
Hidalgo,2004,Miscellaneous,71,Sober
Mad Max 2,1981,Miscellaneous,71,Sober
Kong: Skull Island,2017,Miscellaneous,71,Baked
Raya and the Last Dragon,2021,Animation & Kids,71,Baked
X-Men: First Class,2011,Marvel,71,Baked
Hellboy,2004,Miscellaneous,71,Dealer's Choice
Focus,2015,Miscellaneous,71,Sober
Antz,1998,Animation & Kids,71,Dealer's Choice
Jackass 3D,2010,Miscellaneous,71,Cheech & Chong
The Replacements,2000,Miscellaneous,71,Baked
Extraction II,2023,Miscellaneous,71,Sober
Gran Turismo,2023,Miscellaneous,71,Sober
How the Grinch Stole Christmas,2000,Christmas,71,Sober
Mean Streets,1973,Miscellaneous,70,Dealer's Choice
Ocean's Thirteen,2007,Miscellaneous,70,Dealer's Choice
"I Love You, Man",2009,Miscellaneous,70,Cheech & Chong
Jackass Forever,2022,Miscellaneous,70,Baked
Jurassic World,2015,Jurassic Park,70,Dealer's Choice
Space Jam: A New Legacy,2021,Animation & Kids,70,Baked
The Last Boy Scout,1991,Miscellaneous,70,Sober
Bram Stroker's Dracula,1992,Miscellaneous,70,Baked
Extraction,2020,Miscellaneous,69,Baked
Star Wars Episode II - Attack of the Clones,2002,Star Wars,69,Sober
Star Wars: Episode IX - The Rise of Skywalker,2019,Star Wars,69,Sober
Mad Max,1979,Miscellaneous,69,Dealer's Choice
Pirates of the Caribbean: Dead Man's Chest,2006,Miscellaneous,69,Sober
Death on the Nile,1978,Miscellaneous,69,Dealer's Choice
"Tick, Tick… BOOM",2021,Miscellaneous,69,Sober
U.S. Marshals,1998,Miscellaneous,69,Baked
Halloween,2018,Miscellaneous,69,Baked
Iron Man 2,2010,Marvel,69,Dealer's Choice
The Mummy,1999,Miscellaneous,69,Cheech & Chong
Godzilla,2014,Miscellaneous,69,Sober
Snatch,2000,Miscellaneous,69,Sober
Sudden Impact,1983,Miscellaneous,69,Dealer's Choice
The Other Guys,2010,Miscellaneous,69,Baked
Independence Day,1996,Miscellaneous,69,Baked
Rocky Balboa,2006,Rocky,69,Baked
Scoob,1983,Animation & Kids,68,Sober
The Dead Pool,1988,Miscellaneous,68,Dealer's Choice
Die Hard 2,1990,Miscellaneous,68,Baked
Malcolm & Marie,2021,Miscellaneous,68,Baked
The Invitation,2015,Miscellaneous,68,Baked
Constantine,2005,Miscellaneous,68,Sober
Napoleon,2023,Miscellaneous,68,Dealer's Choice
Identity,2003,Miscellaneous,68,Baked
Road House,1989,Miscellaneous,68,Dealer's Choice
Malignant,2021,Miscellaneous,68,Baked
Ave Ventura: Pet Detective,1994,Miscellaneous,68,Baked
Blades of Glory,2007,Miscellaneous,68,Baked
Thor,2011,Marvel,68,Cheech & Chong
Aquaman,2018,DC,68,Sober
Creed II,2018,Rocky,68,Baked
Bumblebee,2018,Transformers,68,Sober
Thelma,2024,Miscellaneous,68,Baked
Bad Boys for Life,2020,Miscellaneous,68,Sober
Charlie Chan at the Olympics,1937,Miscellaneous,68,Sober
Dumb Money,2023,Miscellaneous,68,Sober
Knox Goes Away,2023,Miscellaneous,68,Baked
Men in Black III,2012,Miscellaneous,68,Sober
The Accountant,2016,Miscellaneous,68,Sober
"The Chronicles of Narnia: The Lion, the Witch, and the Wardrobe",2005,Miscellaneous,68,Baked
Indiana Jones and the Dial of Destiny,2023,Miscellaneous,68,Cheech & Chong
Ip Man 4: The Finale,2019,Miscellaneous,68,Sober
The Hunger Games: Mockingjay - Part 2,2015,Miscellaneous,68,Dealer's Choice
Death Wish,1974,Miscellaneous,68,Baked
Smile,2022,Miscellaneous,68,Dealer's Choice
Brave,2012,Animation & Kids,67,Sober
Sherlock Holmes: A Game of Shadows,2011,Miscellaneous,67,Dealer's Choice
The Pale Blue Eye,2022,Miscellaneous,67,Baked
Dredd,2012,Miscellaneous,67,Sober
The Amazing Spider-Man,2012,Marvel,67,Baked
The Santa Claus 2,2002,Christmas,67,Sober
Luca,2021,Animation & Kids,67,Sober
The Enforcer,1976,Miscellaneous,67,Cheech & Chong
Jackass Number Two,2006,Miscellaneous,67,Cheech & Chong
Easy Rider,1969,Miscellaneous,67,Dealer's Choice
The King's Man,2021,Miscellaneous,67,Baked
Limitless,2011,Miscellaneous,67,Sober
The Bikeriders,2023,Miscellaneous,67,Sober
Den of Thieves,2018,Miscellaneous,67,Sober
The Way Back,2020,Miscellaneous,67,Cheech & Chong
Godzilla vs. Kong,2021,Miscellaneous,67,Baked
Teenage Mutant Ninja Turtles,1990,Miscellaneous,67,Dealer's Choice
No Hard Feelings,2023,Miscellaneous,67,Sober
Red Dawn,1984,Miscellaneous,67,Dealer's Choice
Nosferatu,2024,Miscellaneous,67,Sober
The Rescuers,1977,Animation & Kids,67,Dealer's Choice
The Wolverine,2013,Marvel,67,Baked
Friday,1995,Miscellaneous,66,Baked
The Book of Eli,2010,Miscellaneous,66,Dealer's Choice
Duets,2000,Miscellaneous,66,Cheech & Chong
Red,2010,Miscellaneous,66,Sober
Stars Wars: Episode I - The Phantom Menace,1999,Star Wars,66,Baked
The Hobbit: The Battle of the Five Armies,2014,LOTR,66,Dealer's Choice
Jurassic World: Fallen Kingdom,2018,Jurassic Park,66,Sober
Underworld,2003,Miscellaneous,66,Sober
The Last Duel,2021,Miscellaneous,66,Sober
Asteroid City,2023,Miscellaneous,66,Dealer's Choice
High Plains Drifter,1973,Miscellaneous,66,Baked
Idiocracy,2006,Miscellaneous,66,Sober
Oliver & Company,1988,Animation & Kids,66,Dealer's Choice
"I, Robot",2004,Miscellaneous,66,baked
Fist of Fury,1972,Miscellaneous,66,Baked
National Treasure,2004,Miscellaneous,66,Sober
Nightmare Alley,2021,Miscellaneous,66,Cheech & Chong
Ghostbusters: Afterlife,2021,Miscellaneous,66,Baked
Bad Boys: Ride or Die,2024,Miscellaneous,66,Baked
National Treasure: Book of Secrets,2007,Miscellaneous,65,Dealer's Choice
Gridiron Gang,2006,Miscellaneous,65,Sober
Rocky III,1982,Rocky,65,Dealer's Choice
Turning Red,2022,Animation & Kids,65,Baked
Jungle Cruise,2021,Miscellaneous,65,Dealer's Choice
Solo: A Star Wars Story,2018,Star Wars,65,Baked
The Equalizer 2,2018,Miscellaneous,65,Baked
Robin Hood: Prince of Thieves,1991,Miscellaneous,65,Sober
Renfield,2023,Miscellaneous,65,Baked
The Christmas Chronicles,2018,Christmas,65,Baked
"See No Evil, Hear No Evil",1989,Miscellaneous,65,Cheech & Chong
Shazam,2019,DC,65,Baked
New Jack City,1991,Miscellaneous,65,Baked
Bullet Train,2022,Miscellaneous,65,Baked
Blade II,2002,Marvel,65,Sober
Cocktail,1988,Miscellaneous,65,Dealer's Choice
Let Him Go,2020,Miscellaneous,64,Dealer's Choice
Abbott and Costello Meet the Mummy,1955,Miscellaneous,64,Sober
2 Guns,2013,Miscellaneous,64,Dealer's Choice
Sisu,2022,Miscellaneous,64,Cheech & Chong
The Fog,1980,Miscellaneous,64,Cheech & Chong
Iron Man 3,2013,Marvel,64,Dealer's Choice
Lethal Weapon 3,1992,Miscellaneous,64,Dealer's Choice
El Camino: A Breaking Bad Movie,2019,Miscellaneous,64,Sober
Mission: Impossible III,2006,Mission Impossible,64,Sober
21 Bridges,2019,Miscellaneous,64,Dealer's Choice
The Proposal,2009,Miscellaneous,64,Sober
Charlie Chan in Egypt,1935,Miscellaneous,64,Cheech & Chong
Ip Man 2,2010,Miscellaneous,64,Sober
The Devil's Own,1997,Miscellaneous,64,Dealer's Choice
You People,2023,Miscellaneous,64,Cheech & Chong
Rush Hour 3,2007,Miscellaneous,64,Baked
Wayne's World 2,1993,Miscellaneous,64,Dealer's Choice
K-9,1989,Miscellaneous,64,Baked
Doctor Strange in the Multiverse of Maddness,2022,Marvel,64,Sober
Mad Max Beyond Thunderdome,1985,Miscellaneous,63,Sober
The Hunger Games: Mockingjay - Part 1,2014,Miscellaneous,63,Baked
Insidious 2,2013,Miscellaneous,63,Dealer's Choice
The Passion of the Christ,2005,Miscellaneous,63,Sober
Seraphim Falls,2006,Miscellaneous,63,Sober
Sinister,2012,Miscellaneous,63,Baked
Captain Marvel,2019,Marvel,63,Cheech & Chong
Kung Fu Panda 4,2024,Animation & Kids,63,Baked
The Program,1993,Miscellaneous,63,Dealer's Choice
Angels & Demons,2009,Miscellaneous,63,Cheech & Chong
Semi-Pro,2008,Miscellaneous,63,Dealer's Choice
Last Night in Soho,2021,Miscellaneous,63,Sober
Jolson Sings Again,1949,Miscellaneous,63,Baked
The Pope's Exorcist,2023,Miscellaneous,63,Sober
A Haunting in Venice,2023,Miscellaneous,63,Sober
Non-Stop,2014,Miscellaneous,63,Dealer's Choice
Jeeper Creepers,2001,Miscellaneous,63,Sober
Blink Twice,2024,Miscellaneous,63,Baked
Mickey 17,2025,Miscellaneous,63,Dealer's Choice
Cars 3,2017,Animation & Kids,63,Sober
The Princess Diaries 2: The Royal Engagement,2004,Miscellaneous,63,Dealer's Choice
Life as We Know It,2010,Miscellaneous,63,Baked
Kick-Ass 2,2013,Miscellaneous,63,Cheech & Chong
Jackass: The Movie,2002,Miscellaneous,62,Sober
Olympus Has Fallen,2013,Miscellaneous,62,Baked
The Cable Guy,1996,Miscellaneous,62,Sober
Den of Thieves 2: Pantera,2025,Miscellaneous,62,Cheech & Chong
Ip Man 3,2015,Miscellaneous,62,Cheech & Chong
The Transporter,2002,Miscellaneous,62,Dealer's Choice
We Have a Ghost,2023,Miscellaneous,62,Baked
Road House,2024,Miscellaneous,62,Dealer's Choice
Spenser Confidential,2020,Miscellaneous,62,Baked
Rambo,2008,Miscellaneous,62,Baked
The Adam Project,2022,Miscellaneous,62,Sober
Sharky's Machine,1981,Miscellaneous,62,Sober
Champions,2023,Miscellaneous,61,Cheech & Chong
Beverly Hills Ninja,1997,Miscellaneous,61,Baked
Captain America: Brave New World,2025,Marvel,61,Baked
Friday the 13th,1980,Miscellaneous,61,Sober
Emilia Pérez,2024,Miscellaneous,61,Dealer's Choice
Blow,2001,Miscellaneous,61,Dealer's Choice
Batman v Superman: Dawn of Justice (Ultimate Edition),2016,DC,61,Cheech & Chong
Lights Out,2016,Miscellaneous,61,Sober
The Game Plan,2007,Miscellaneous,61,Dealer's Choice
August Rush,2007,Miscellaneous,61,Dealer's Choice
Kimi,2022,Miscellaneous,61,Dealer's Choice
The Guilty,2021,Miscellaneous,61,Baked
Night at the Museum,2006,Miscellaneous,60,Sober
Any Given Sunday,2022,Miscellaneous,60,Baked
Dinosaur,2000,Animation & Kids,60,Sober
Mufasa: The Lion King,2024,Animation & Kids,60,Baked
Snow Dogs,2002,Miscellaneous,60,Baked
Grwon Ups,2010,Miscellaneous,60,Sober
Just Go With It,2011,Miscellaneous,60,Baked
The French Dispatch,2021,Miscellaneous,60,Cheech & Chong
Kung Pow: Enter the Fist,2002,Miscellaneous,60,Sober
Transformers: Rise of the Beasts,2023,Transformers,60,Baked
Death on the Nile,2022,Miscellaneous,60,Baked
Blade,1998,Marvel,60,Baked
The Beekeeper,2024,Miscellaneous,60,Baked
Arctic,2018,Miscellaneous,60,Sober
The Saint in London,1939,Miscellaneous,60,Sober
Law Abiding Citizen,2009,Miscellaneous,60,Baked
The Gray Man,2022,Miscellaneous,59,Dealer's Choice
50 First Dates,2004,Miscellaneous,59,Baked
The Expendables,2010,Miscellaneous,59,Cheech & Chong
Joe Kidd,1972,Miscellaneous,59,Sober
The Christmas Chronicles: Part Two,2020,Christmas,59,Baked
Kingsman: The Golden Circle,2017,Miscellaneous,59,Baked
The Bingo Long Traveling All-Stars & Motor Kings,1976,Miscellaneous,59,Baked
Transformers: Revenge of the Fallen,2009,Transformers,59,Sober
Kicking & Screaming,2005,Miscellaneous,59,Baked
Beverly Hills Cop 2,1987,Miscellaneous,59,Cheech & Chong
Minions,2015,Animation & Kids,59,Baked
Pokemon: The First Movie - Mewtwo Strikes Back,1998,Animation & Kids,59,Baked
The Tomorrow War,2021,Miscellaneous,58,Dealer's Choice
Unbroken,2014,Miscellaneous,58,Sober
Blue Beetle,2023,DC,58,Dealer's Choice
X-Men: The Last Stand,2006,Marvel,58,Baked
Monster House,2006,Animation & Kids,58,Dealer's Choice
Dragnet,1987,Miscellaneous,58,Baked
Bad Boys II,2003,Miscellaneous,58,Cheech & Chong
Ghostbusters II,1989,Miscellaneous,58,Dealer's Choice
Pirates of the Caribbean: At World's End,2007,Miscellaneous,58,Dealer's Choice
Click,2006,Miscellaneous,58,Sober
Thunderheart,1992,Miscellaneous,58,Baked
Good Boys,2019,Miscellaneous,58,Dealer's Choice
Indiana Jones and the Kingdom of the Crystal Skull,2008,Miscellaneous,57,Baked
Equalizer 3,2023,Miscellaneous,57,Dealer's Choice
Lethal Weapon 4,1998,Miscellaneous,57,Sober
Charlie Chan in the Red Dragon,1945,Miscellaneous,57,Dealer's Choice
Hercules,2014,Miscellaneous,57,Cheech & Chong
Paranormal Activity 3,2011,Miscellaneous,57,Sober
Walking Tall,2004,Miscellaneous,57,Sober
The Many Saiants of Newark,2021,Miscellaneous,57,Baked
Waterworld,1995,Miscellaneous,57,Sober
Sleeping Dogs,2024,Miscellaneous,57,Baked
65,2023,Miscellaneous,57,Cheech & Chong
The Expendables 2,2012,Miscellaneous,57,Baked
Immaculate,2024,Miscellaneous,57,Baked
Beverly Hills Cop: Axel F,2024,Miscellaneous,57,Sober
Safe House,2012,Miscellaneous,57,Baked
Life,1999,Miscellaneous,56,Baked
American Underdog,2021,Miscellaneous,56,Baked
Incredible Hulk,2008,Marvel,56,Dealer's Choice
Mulan,2021,Miscellaneous,56,Baked
Spider-Man 3,2007,Marvel,56,Dealer's Choice
Quantum of Solace,2008,Miscellaneous,56,Dealer's Choice
Darkman,1990,Miscellaneous,56,Baked
Purple Rain,1984,Miscellaneous,56,Baked
Rambo: First Blood Part II,1985,Miscellaneous,56,Baked
The Quick and the Dead,1995,Miscellaneous,56,Sober
Thor: The Dark World,2013,Marvel,56,Dealer's Choice
That's My Boy,2013,Miscellaneous,56,Cheech & Chong
Charlie Chan in the Secret Service,1944,Miscellaneous,56,Sober
Anyone But You,2023,Miscellaneous,56,Sober
Frankenstein Meets the Wolf Man,1943,Universal Monsters,56,Sober
Shrek Forever After,2010,Animation & Kids,55,Baked
Lost in a Harem,1944,Miscellaneous,55,Sober
Crimson Peak,2015,Miscellaneous,55,Dealer's Choice
Ocean's Twelve,2004,Miscellaneous,55,Baked
Hancock,2008,Miscellaneous,55,Dealer's Choice
The Monkey,2025,Miscellaneous,55,Baked
Eternals,2021,Marvel,55,Baked
Jack Reacher: Never Go Back,2016,Miscellaneous,55,Dealer's Choice
White House Down,2013,Miscellaneous,55,Baked
The Lord of the Rings: The War of the Rohirrim,2024,LOTR,55,Dealer's Choice
The King of Staten Island,2020,Miscellaneous,55,Baked
Hard Lessons,1986,Miscellaneous,55,Sober
Haunted Mansion,2023,Miscellaneous,55,Baked
Fantastic Beasts: The Secrets of Dumbledore,2022,Harry Potter,55,Baked
Rambo: Last Blood,2019,Miscellaneous,54,Baked
The Saint Strikes Back,1939,Miscellaneous,54,Sober
Halloween II,1981,Miscellaneous,54,Baked
Mr. And Mrs. Smith,2005,Miscellaneous,54,Sober
Self Reliance,2023,Miscellaneous,54,Baked
The Werewolf of London,1935,Universal Monsters,54,Baked
Halloween Kills,2021,Miscellaneous,54,Baked
Thor: Love and Thunder,2022,Marvel,54,Baked
Robin Hood,2010,Miscellaneous,54,Sober
Big George Foreman,2023,Miscellaneous,54,Sober
It's What's Inside,2024,Miscellaneous,54,Sober
Uncle Drew,2018,Miscellaneous,54,Cheech & Chong
Encanto,2021,Animation & Kids,53,Baked
Venom,2018,Marvel,53,Baked
The Road to El Dorado,2000,Animation & Kids,53,Sober
Dead & Buried,1981,Miscellaneous,53,Cheech & Chong
Mr. Deeds,2002,Miscellaneous,53,Cheech & Chong
The Rescuers Down Under,1990,Animation & Kids,53,Sober
I.S.S.,2023,Miscellaneous,53,Dealer's Choice
The Book of Clarence,2023,Miscellaneous,53,Baked
It Ends With Us,2024,Miscellaneous,53,Sober
Joe Dirt,2001,Miscellaneous,53,Cheech & Chong
The Ringer,2005,Miscellaneous,53,Cheech & Chong
Men in Black II,2002,Miscellaneous,52,Baked
Cry Macho,2021,Miscellaneous,52,Sober
Uncharted,2022,Miscellaneous,52,Baked
The Money Pit,1986,Miscellaneous,52,Baked
Dark Phoenix,2019,Marvel,52,Dealer's Choice
Major League II,1994,Miscellaneous,52,Baked
The Lion King,2019,Miscellaneous,52,Baked
Bob Marley: One Love,2024,Miscellaneous,52,Dealer's Choice
Seven Years in Tibet,1997,Miscellaneous,51,Sober
Land of Bad,2024,Miscellaneous,51,Sober
The Rundown,2003,Miscellaneous,51,Dealer's Choice
Shrek the Third,2007,Animation & Kids,51,Baked
Red One,2024,Christmas,51,Dealer's Choice
Demolition Man,1993,Miscellaneous,51,Cheech & Chong
Scooby-Doo 2: Monsters Unleashed,2004,Animation & Kids,51,Baked
Godzilla x Kong: The New Empire,2024,Miscellaneous,51,Cheech & Chong
X-Men: Apocalypse,2016,Marvel,51,Dealer's Choice
Horrible Bosses 2,2014,Miscellaneous,50,Baked
Red Notice,2021,Miscellaneous,50,Baked
The Hunt,2020,Miscellaneous,49,Baked
Don't Worry Darling,2022,Miscellaneous,49,Dealer's Choice
The Amazing Spider-Man 2,2014,Marvel,49,Sober
Aquaman and the Lost Kingdom,2023,DC,49,Baked
Friday the 13th Part 2,1981,Miscellaneous,49,Baked
Red 2,2013,Miscellaneous,49,Baked
House of Gucci,2021,Miscellaneous,49,Sober
Spiderhead,2022,Miscellaneous,49,Baked
The Bone Collector,1999,Miscellaneous,49,Baked
Shazam! Fury of the Gods,2023,DC,49,Sober
Justice League,2017,DC,49,Dealer's Choice
DragonHeart,1996,Miscellaneous,48,Baked
Fred Claus,2007,Christmas,48,Baked
X-Men Origins: Wolverine,2009,Marvel,48,Baked
Shark Tale,2004,Animation & Kids,48,Baked
Bloodsport,1988,Miscellaneous,48,Cheech & Chong
Priest,2011,Miscellaneous,48,Sober
Ricky Stanicky,2024,Miscellaneous,48,Dealer's Choice
Next Goal Wins,2023,Miscellaneous,48,Dealer's Choice
A Family Affair,2024,Miscellaneous,48,Sober
Rookie of the Year,1993,Miscellaneous,47,Baked
Escape Plan,2013,Miscellaneous,47,Baked
Those Who Wish Me Dead,2021,Miscellaneous,47,Dealer's Choice
The New Mutants,2020,Marvel,47,Baked
Old Dads,2023,Miscellaneous,47,Sober
Daddy Day Care,2003,Miscellaneous,47,Dealer's Choice
Fantastic Four: Rise of the Silver Surfer,2007,Marvel,47,Baked
Batman v Superman: Dawn of Justice,2016,DC,47,Cheech & Chong
The Little Things,2021,Miscellaneous,46,Dealer's Choice
Downhill,2020,Miscellaneous,46,Sober
Army of the Dead,2021,Miscellaneous,46,Cheech & Chong
The Family Plan,2023,Miscellaneous,46,Sober
Here Comes the Boom,2012,Miscellaneous,46,Dealer's Choice
The Meg,2018,Miscellaneous,46,Baked
Like Mike,2002,Miscellaneous,46,Cheech & Chong
From Dusk Till Dawn,1996,Miscellaneous,46,Baked
Ad Vitam,2025,Miscellaneous,46,Sober
The Saint Takes Over,1940,Miscellaneous,46,Sober
Angel Has Fallen,2019,Miscellaneous,46,Sober
Soul Plane,2004,Miscellaneous,45,Cheech & Chong
Richie Rich,1994,Miscellaneous,45,Dealer's Choice
Immortals,2011,Miscellaneous,45,Baked
The Boss Baby,2017,Animation & Kids,45,Sober
Due Date,2010,Miscellaneous,45,Dealer's Choice
Escape Room,2019,Miscellaneous,45,Baked
Juwanna Mann,2002,Miscellaneous,45,Cheech & Chong
The Hangover Part II,2011,Miscellaneous,45,Cheech & Chong
Central Intelligence,2016,Miscellaneous,45,Baked
Ghostbusters: Frozen Empire,2024,Miscellaneous,45,Cheech & Chong
Wolf Man,2025,Miscellaneous,45,Baked
Skyscraper,2018,Miscellaneous,44,Dealer's Choice
The Machine,2023,Miscellaneous,44,Cheech & Chong
Murder on the Orient Express,2017,Miscellaneous,44,Baked
Fantastic Beasts: The Crimes of Grindelwald,2018,Harry Potter,44,Sober
Terrifier 3,2024,Miscellaneous,44,Dealer's Choice
Wrath of the Titans,2012,Miscellaneous,44,Baked
The Legend of Zorro,2005,Miscellaneous,44,Dealer's Choice
Spaceman,2024,Miscellaneous,43,Baked
Amsterdam,2022,Miscellaneous,43,Sober
Cars 2,2011,Animation & Kids,43,Baked
Revenge,1990,Miscellaneous,43,Sober
Cowboys & Aliens,2011,Miscellaneous,43,Baked
Last Seen Alive,2022,Miscellaneous,42,Sober
Next Friday,2000,Miscellaneous,42,Cheech & Chong
Almost Heroes,1999,Miscellaneous,42,Cheech & Chong
Venom: The Last Dance,2024,Marvel,42,Baked
The Lost World: Jurassic Park,1997,Jurassic Park,42,Baked
Seventh Son,2014,Miscellaneous,41,Baked
Atlantis: The Lost Empire,2001,Animation & Kids,41,Baked
Percy Jackson & the Olympians: The Lightning Thief,2010,Miscellaneous,41,Sober
Hulk,2003,Marvel,41,Baked
Reminiscence,2021,Miscellaneous,41,Sober
The Union,2024,Miscellaneous,41,Sober
Blood and Bone,2009,Miscellaneous,40,Cheech & Chong
Missing in Action,1984,Miscellaneous,40,Cheech & Chong
The Marvels,2023,Marvel,39,Dealer's Choice
Don’t Look Up,2021,Miscellaneous,39,Baked
Jackpot!,2024,Miscellaneous,39,Baked
The Garfield Movie,2024,Animation & Kids,39,Sober
Fantastic Four,2005,Marvel,39,Baked
Bad Trip,2020,Miscellaneous,39,Cheech & Chong
Pinocchio,2022,Miscellaneous,39,Sober
Death Wish,2018,Miscellaneous,38,Baked
Beer League,2006,Miscellaneous,38,Baked
Suicide Squad,2016,DC,38,Dealer's Choice
Star Wars: Episode VIII - The Last Jedi,2017,Star Wars,38,Baked
Elevation,2024,Miscellaneous,38,Dealer's Choice
Rambo: First Blood Part III,1988,Miscellaneous,38,Baked
AfrAId,2024,Miscellaneous,38,Baked
Venom: Let There Be Carnage,2021,Marvel,38,Sober
Dear Santa,2024,Christmas,38,Baked
The Wolfman,2010,Miscellaneous,38,Dealer's Choice
Holland,2025,Miscellaneous,38,Baked
Ant-Man and the Wasp: Quantumania,2023,Marvel,38,Sober
Van Helsing,2004,Miscellaneous,38,Baked
Jeeper Creepers 2,2003,Miscellaneous,38,Baked
Men in Black: International,2019,Miscellaneous,37,Baked
Harlem Nights,1989,Miscellaneous,37,Baked
White Men Can't Jump,2023,Miscellaneous,37,Cheech & Chong
Clash of thr Titans,2010,Miscellaneous,37,Baked
You're Cordially Invited,2025,Miscellaneous,37,Baked
Jurassic World Dominion,2022,Jurassic Park,37,Dealer's Choice
The Saint's Double Trouble,1940,Miscellaneous,37,Sober
Flight Risk,2025,Miscellaneous,37,Sober
The Other Woman,2014,Miscellaneous,37,Sober
Chain Reaction,1996,Miscellaneous,37,Sober
Freddy vs. Jason,2003,Miscellaneous,37,Cheech & Chong
The Weekend Away,2022,Miscellaneous,36,Dealer's Choice
Inferno,2016,Miscellaneous,36,Baked
The Deliverance,2024,Miscellaneous,36,Dealer's Choice
The Saint in Palm Springs,1941,Miscellaneous,36,Dealer's Choice
Argyle,2024,Miscellaneous,36,Sober
Wonder Woman 1984,2020,DC,36,Dealer's Choice
London Has Fallen,2016,Miscellaneous,36,Sober
Land of the Lost,2008,Miscellaneous,36,Cheech & Chong
Red Right Hand,2024,Miscellaneous,36,Sober
Ghostbusters,2016,Miscellaneous,35,Cheech & Chong
Identity Thief,2013,Miscellaneous,35,Cheech & Chong
Brothers,2024,Miscellaneous,35,Dealer's Choice
Green Lantern,2011,DC,35,Dealer's Choice
The Twilight Saga: Eclipse,2010,Miscellaneous,35,Dealer's Choice
Clockstoppers,2002,Miscellaneous,35,Baked
Daredevil,2003,Marvel,35,Cheech & Chong
The Twilight Saga: Breaking Dawn - Part 2,2012,Miscellaneous,34,Dealer's Choice
Snake Eyes,2021,Miscellaneous,34,Baked
Rocky V,1990,Rocky,34,Dealer's Choice
Kraven the Hunter,2024,Marvel,34,Baked
See Spot Run,2001,Miscellaneous,34,Dealer's Choice
The Sandlot 2,2005,Miscellaneous,34,Baked
Twilight,2008,Miscellaneous,33,Dealer's Choice
I Now Pronounce You Chuck and Larry,2007,Miscellaneous,33,Baked
Terrifier 2,2022,Miscellaneous,33,Dealer's Choice
The Expendables 3,2014,Miscellaneous,33,Cheech & Chong
Another 48 Hrs.,1990,Miscellaneous,33,Baked
Killer Heat,2024,Miscellaneous,33,Dealer's Choice
Cocaine Bear,2023,Miscellaneous,32,Cheech & Chong
Lift,2024,Miscellaneous,32,Dealer's Choice
Bulletproof,1996,Miscellaneous,32,Cheech & Chong
Sweet Dreams,2024,Miscellaneous,32,Baked
Jurassic Park III,2001,Jurassic Park,32,Sober
Back in Action,2025,Miscellaneous,32,Baked
Percy Jackson: Sea of Monsters,2013,Miscellaneous,32,Baked
Fist Fight,2017,Miscellaneous,31,Baked
Dracula Untold,2014,Miscellaneous,31,Baked
Scooby-Doo,2002,Animation & Kids,31,Baked
Force of Nature,2020,Miscellaneous,31,Sober
Morbius,2022,Marvel,30,Baked
Transformers: Age of Extinction,2014,Transformers,30,Baked
Sleepless,2017,Miscellaneous,30,Sober
Untraceable,2008,Miscellaneous,29,Dealer's Choice
Evan Almighty,2007,Miscellaneous,29,Cheech & Chong
Wish,2023,Animation & Kids,29,Sober
Jack Frost,1998,Christmas,29,Sober
Incoming,2024,Miscellaneous,29,Cheech & Chong
Winnie-the-Pooh: Blood and Honey 2,2024,Miscellaneous,28,Cheech & Chong
47 Ronin,2013,Miscellaneous,28,Baked
Noah,2014,Miscellaneous,28,Baked
Ghost Rider,2007,Marvel,28,Sober
The Twilight Saga: Breaking Dawn - Part 1,2011,Miscellaneous,28,Dealer's Choice
Transformers: Dark of the Moon,2011,Transformers,27,Baked
Mission: Impossible II,2000,Mission Impossible,27,Dealer's Choice
Batman Forever,1995,DC,27,Baked
Meg 2,2023,Miscellaneous,27,Baked
Beverly Hills Cop 3,1996,Miscellaneous,27,Baked
Dirty Grandpa,2016,Miscellaneous,26,Baked
The Santa Clause 3: The Escape Clause,2006,Christmas,26,Baked
Hansel & Gretel: Witch Hunters,2013,Miscellaneous,26,Baked
Superman III,1983,DC,26,Baked
The Hangover Part III,2013,Miscellaneous,26,Cheech & Chong
Final Score,2018,Miscellaneous,25,Sober
Killers,2010,Miscellaneous,25,Baked
Ghosted,2023,Miscellaneous,25,Sober
Lake Placid,1999,Miscellaneous,25,Baked
The Electric State,2025,Miscellaneous,25,Cheech & Chong
Sinister 2,2015,Miscellaneous,25,Baked
Uglies,2024,Miscellaneous,25,Dealer's Choice
Blended,2014,Miscellaneous,25,Baked
Ghost Rider: Spirit of Vengeance,2011,Marvel,24,Baked
Friday After Next,2002,Miscellaneous,24,Cheech & Chong
Hellboy,2019,Miscellaneous,24,Baked
Capone,2020,Miscellaneous,24,Sober
Expendables 4,2023,Miscellaneous,24,Cheech & Chong
Baywatch,2017,Miscellaneous,23,Cheech & Chong
Downtown Owl,2023,Miscellaneous,23,Baked
Hot Tub Time Machine 2,2015,Miscellaneous,23,Cheech & Chong
Seventh Son,2014,Miscellaneous,23,Baked
The Haunted Mansion,2003,Miscellaneous,23,Baked
Norbit,2007,Miscellaneous,22,Cheech & Chong
Unfrosted,2024,Miscellaneous,22,Cheech & Chong
A Good Day to Die Hard,2013,Miscellaneous,21,Baked
Terrifier,2016,Miscellaneous,19,Dealer's Choice
The Twilight Saga: New Moon,2009,Miscellaneous,19,Dealer's Choice
Paul Blart: Mall Cop,2009,Miscellaneous,19,Cheech & Chong
Mortal Kombat,2021,Miscellaneous,19,Cheech & Chong
Samaritan,2022,Miscellaneous,18,Baked
Robin Hood,2018,Miscellaneous,18,Dealer's Choice
Blade Trinity,2004,Marvel,18,Baked
Home Sweet Home Alone,2021,Christmas,18,Baked
Transformers: The Last Knight,2017,Transformers,17,Baked
Home Team,2022,Miscellaneous,16,Baked
The Cat in the Hat,2003,Animation & Kids,15,Cheech & Chong
Benchwarmers,2006,Miscellaneous,15,Cheech & Chong
The Saint's Vacation,1941,Miscellaneous,15,Sober
Superman IV: The Quest for Peace,1987,DC,14,Baked
Escape Plan: The Extractors,2019,Miscellaneous,13,Baked
The Bounty Hunter,2010,Miscellaneous,12,Sober
The Underdogs,2024,Miscellaneous,11,Cheech & Chong
Borderlands,2024,Miscellaneous,11,Baked
Batman & Robin,1997,DC,9,Cheech & Chong
Dragonball Evolution,2009,Miscellaneous,9,Cheech & Chong
Home Alone 3,1997,Christmas,8,Baked
Winnie-the-Pooh: Blood and Honey,2023,Miscellaneous,8,Cheech & Chong
Major League: Back to the Minors,1998,Miscellaneous,8,Cheech & Chong
Escape Plan 2: Hades,2018,Miscellaneous,8,Baked
Kinda Pregnant,2025,Miscellaneous,7,Dealer's Choice
The Mummy,2017,Miscellaneous,7,Dealer's Choice
Vacation,2015,Miscellaneous,7,Baked
Dolph Lundgren,2024,Miscellaneous,7,Baked
Madame Web,2024,Marvel,6,Baked
Fantastic Four,2015,Marvel,6,Baked
Lake Placid 2,2007,Miscellaneous,5,Cheech & Chong
Holmes & Watson,2018,Miscellaneous,4,Cheech & Chong
Grown Ups 2,2013,Miscellaneous,4,Baked
Red Dawn,2012,Miscellaneous,4,Sober
Pixels,2015,Miscellaneous,3,Baked
The Legned of Hercules,2014,Miscellaneous,2,Baked
The Emoji Movie,2017,Animation & Kids,1,Cheech & Chong
Meet the Spartans,2008,Miscellaneous,0,Cheech & Chong
Agent Recon,2024,Miscellaneous,0,Sober
Jack and Jill,2011,Miscellaneous,0,Cheech & Chong
The Last Airbender,2010,Miscellaneous,0,Cheech & Chong
Epic Movie,2006,Miscellaneous,0,Cheech & Chong